season_id,event_id,home_team,away_team,ok,match_url
78478,14195487,Albirex Niigata,Balestier Khalsa,1,https://www.sofascore.com/football/match/albirex-niigata-singapore-balestier-khalsa/OkbsGGn#id:14195487
78478,14195482,Geylang Int.,Albirex Niigata,1,https://www.sofascore.com/football/match/albirex-niigata-singapore-geylang-international/UkbsGGn#id:14195482
78478,14254081,Geylang Int.,Albirex Niigata,1,https://www.sofascore.com/football/match/albirex-niigata-singapore-geylang-international/UkbsGGn#id:14254081
78478,14195505,Lion City Sailors,Albirex Niigata,1,https://www.sofascore.com/football/match/albirex-niigata-singapore-lion-city-sailors/QkbsGGn#id:14195505
78478,14254830,Albirex Niigata,Tampines Rovers,1,https://www.sofascore.com/football/match/albirex-niigata-singapore-tampines-rovers/TkbsGGn#id:14254830
78478,14195502,Balestier Khalsa,Tanjong Pagar Utd.,1,https://www.sofascore.com/football/match/balestier-khalsa-tanjong-pagar-united/NkbsOkb#id:14195502
78478,14566651,Barcelona,Frankfurt,1,https://www.sofascore.com/football/match/barcelona-eintracht-frankfurt/zdbsrgb#id:14566651
78478,15200524,CF Talavera,Real Madrid,1,https://www.sofascore.com/football/match/cf-talavera-real-madrid/EgbstQFb#id:15200524
78478,14083164,Alav√©s,Real Madrid,1,https://www.sofascore.com/football/match/deportivo-alaves-real-madrid/EgbsKhb#id:14083164
78478,14195506,Geylang Int.,Balestier Khalsa,1,https://www.sofascore.com/football/match/geylang-international-balestier-khalsa/OkbsUkb#id:14195506
78478,14195485,Tampines Rovers,Geylang Int.,1,https://www.sofascore.com/football/match/geylang-international-tampines-rovers/TkbsUkb#id:14195485
78478,14195518,Geylang Int.,Tanjong Pagar Utd.,1,https://www.sofascore.com/football/match/geylang-international-tanjong-pagar-united/NkbsUkb#id:14195518
78478,15200513,Guadalajara,Barcelona,1,https://www.sofascore.com/football/match/guadalajara-barcelona/rgbsFLj#id:15200513
78478,14195521,Hougang Utd,Albirex Niigata,1,https://www.sofascore.com/football/match/hougang-united-albirex-niigata-singapore/GGnsIGn#id:14195521
78478,14296929,Hougang Utd,Geylang Int.,1,https://www.sofascore.com/football/match/hougang-united-geylang-international/UkbsIGn#id:14296929
78478,14195515,Lion City Sailors,Hougang Utd,1,https://www.sofascore.com/football/match/hougang-united-lion-city-sailors/QkbsIGn#id:14195515
78478,14195504,Hougang Utd,Tampines Rovers,1,https://www.sofascore.com/football/match/hougang-united-tampines-rovers/TkbsIGn#id:14195504
78478,14195509,Tanjong Pagar Utd.,Hougang Utd,1,https://www.sofascore.com/football/match/hougang-united-tanjong-pagar-united/NkbsIGn#id:14195509
78478,14566611,Inter,Liverpool,1,https://www.sofascore.com/football/match/inter-liverpool/UsXdb#id:14566611
78478,14211926,Balestier Khalsa,Lion City Sailors,1,https://www.sofascore.com/football/match/lion-city-sailors-balestier-khalsa/OkbsQkb#id:14211926
78478,14254390,Balestier Khalsa,Lion City Sailors,1,https://www.sofascore.com/football/match/lion-city-sailors-balestier-khalsa/OkbsQkb#id:14254390
78478,14254859,Tanjong Pagar Utd.,Lion City Sailors,1,https://www.sofascore.com/football/match/lion-city-sailors-tanjong-pagar-united/NkbsQkb#id:14254859
78478,14083168,Barcelona,Osasuna,1,https://www.sofascore.com/football/match/osasuna-barcelona/rgbsvgb#id:14083168
78478,14566595,Real Madrid,Man City,1,https://www.sofascore.com/football/match/real-madrid-manchester-city/rsEgb#id:14566595
78478,14083185,Real Madrid,Sevilla,1,https://www.sofascore.com/football/match/sevilla-real-madrid/EgbsIgb#id:14083185
78478,14195499,Tampines Rovers,Balestier Khalsa,1,https://www.sofascore.com/football/match/tampines-rovers-balestier-khalsa/OkbsTkb#id:14195499
78478,14195508,Tampines Rovers,Lion City Sailors,1,https://www.sofascore.com/football/match/tampines-rovers-lion-city-sailors/QkbsTkb#id:14195508
78478,14195484,Tanjong Pagar Utd.,Tampines Rovers,1,https://www.sofascore.com/football/match/tampines-rovers-tanjong-pagar-united/NkbsTkb#id:14195484
78478,14254080,Tanjong Pagar Utd.,Tampines Rovers,1,https://www.sofascore.com/football/match/tampines-rovers-tanjong-pagar-united/NkbsTkb#id:14254080
78478,14195507,Albirex Niigata,Young Lions,1,https://www.sofascore.com/football/match/young-lions-albirex-niigata-singapore/GGnsHGn#id:14195507
78478,14292002,Young Lions,Balestier Khalsa,1,https://www.sofascore.com/football/match/young-lions-balestier-khalsa/OkbsHGn#id:14292002
78478,14195503,Young Lions,Geylang Int.,1,https://www.sofascore.com/football/match/young-lions-geylang-international/UkbsHGn#id:14195503
78478,14195520,Lion City Sailors,Young Lions,1,https://www.sofascore.com/football/match/young-lions-lion-city-sailors/QkbsHGn#id:14195520
78478,14195516,Tanjong Pagar Utd.,Young Lions,1,https://www.sofascore.com/football/match/young-lions-tanjong-pagar-united/NkbsHGn#id:14195516
78478,14689646,Tanjong Pagar Utd.,Young Lions,1,https://www.sofascore.com/football/match/young-lions-tanjong-pagar-united/NkbsHGn#id:14689646
59708,12246951,Albirex Niigata,Balestier Khalsa,1,https://www.sofascore.com/football/match/albirex-niigata-singapore-balestier-khalsa/OkbsGGn#id:12246951
59708,12246992,Balestier Khalsa,Albirex Niigata,1,https://www.sofascore.com/football/match/albirex-niigata-singapore-balestier-khalsa/OkbsGGn#id:12246992
59708,12247028,Balestier Khalsa,Albirex Niigata,1,https://www.sofascore.com/football/match/albirex-niigata-singapore-balestier-khalsa/OkbsGGn#id:12247028
59708,12246921,Geylang Int.,Albirex Niigata,1,https://www.sofascore.com/football/match/albirex-niigata-singapore-geylang-international/UkbsGGn#id:12246921
59708,12246958,Geylang Int.,Albirex Niigata,1,https://www.sofascore.com/football/match/albirex-niigata-singapore-geylang-international/UkbsGGn#id:12246958
59708,12246999,Geylang Int.,Albirex Niigata,1,https://www.sofascore.com/football/match/albirex-niigata-singapore-geylang-international/UkbsGGn#id:12246999
59708,12247037,Geylang Int.,Albirex Niigata,1,https://www.sofascore.com/football/match/albirex-niigata-singapore-geylang-international/UkbsGGn#id:12247037
59708,12246925,Albirex Niigata,Lion City Sailors,1,https://www.sofascore.com/football/match/albirex-niigata-singapore-lion-city-sailors/QkbsGGn#id:12246925
59708,12246972,Lion City Sailors,Albirex Niigata,1,https://www.sofascore.com/football/match/albirex-niigata-singapore-lion-city-sailors/QkbsGGn#id:12246972
59708,12247007,Lion City Sailors,Albirex Niigata,1,https://www.sofascore.com/football/match/albirex-niigata-singapore-lion-city-sailors/QkbsGGn#id:12247007
59708,12247045,Lion City Sailors,Albirex Niigata,1,https://www.sofascore.com/football/match/albirex-niigata-singapore-lion-city-sailors/QkbsGGn#id:12247045
59708,12246950,Albirex Niigata,Tampines Rovers,1,https://www.sofascore.com/football/match/albirex-niigata-singapore-tampines-rovers/TkbsGGn#id:12246950
59708,12246990,Tampines Rovers,Albirex Niigata,1,https://www.sofascore.com/football/match/albirex-niigata-singapore-tampines-rovers/TkbsGGn#id:12246990
59708,12247022,Albirex Niigata,Tampines Rovers,1,https://www.sofascore.com/football/match/albirex-niigata-singapore-tampines-rovers/TkbsGGn#id:12247022
59708,12247056,Tampines Rovers,Albirex Niigata,1,https://www.sofascore.com/football/match/albirex-niigata-singapore-tampines-rovers/TkbsGGn#id:12247056
59708,12246912,Albirex Niigata,Tanjong Pagar Utd.,1,https://www.sofascore.com/football/match/albirex-niigata-singapore-tanjong-pagar-united/NkbsGGn#id:12246912
59708,12246955,Albirex Niigata,Tanjong Pagar Utd.,1,https://www.sofascore.com/football/match/albirex-niigata-singapore-tanjong-pagar-united/NkbsGGn#id:12246955
59708,12246993,Albirex Niigata,Tanjong Pagar Utd.,1,https://www.sofascore.com/football/match/albirex-niigata-singapore-tanjong-pagar-united/NkbsGGn#id:12246993
59708,12247034,Albirex Niigata,Tanjong Pagar Utd.,1,https://www.sofascore.com/football/match/albirex-niigata-singapore-tanjong-pagar-united/NkbsGGn#id:12247034
59708,12246940,Balestier Khalsa,Tanjong Pagar Utd.,1,https://www.sofascore.com/football/match/balestier-khalsa-tanjong-pagar-united/NkbsOkb#id:12246940
59708,12246983,Tanjong Pagar Utd.,Balestier Khalsa,1,https://www.sofascore.com/football/match/balestier-khalsa-tanjong-pagar-united/NkbsOkb#id:12246983
59708,12247021,Balestier Khalsa,Tanjong Pagar Utd.,1,https://www.sofascore.com/football/match/balestier-khalsa-tanjong-pagar-united/NkbsOkb#id:12247021
59708,12247054,Balestier Khalsa,Tanjong Pagar Utd.,1,https://www.sofascore.com/football/match/balestier-khalsa-tanjong-pagar-united/NkbsOkb#id:12247054
59708,14566651,Barcelona,Frankfurt,1,https://www.sofascore.com/football/match/barcelona-eintracht-frankfurt/zdbsrgb#id:14566651
59708,12246932,DPMM,Albirex Niigata,1,https://www.sofascore.com/football/match/brunei-dpmm-fc-albirex-niigata-singapore/GGnsKGn#id:12246932
59708,12246981,DPMM,Albirex Niigata,1,https://www.sofascore.com/football/match/brunei-dpmm-fc-albirex-niigata-singapore/GGnsKGn#id:12246981
59708,12247016,DPMM,Albirex Niigata,1,https://www.sofascore.com/football/match/brunei-dpmm-fc-albirex-niigata-singapore/GGnsKGn#id:12247016
59708,12247051,DPMM,Albirex Niigata,1,https://www.sofascore.com/football/match/brunei-dpmm-fc-albirex-niigata-singapore/GGnsKGn#id:12247051
59708,12246911,Balestier Khalsa,DPMM,1,https://www.sofascore.com/football/match/brunei-dpmm-fc-balestier-khalsa/OkbsKGn#id:12246911
59708,12246971,Balestier Khalsa,DPMM,1,https://www.sofascore.com/football/match/brunei-dpmm-fc-balestier-khalsa/OkbsKGn#id:12246971
59708,12246998,Balestier Khalsa,DPMM,1,https://www.sofascore.com/football/match/brunei-dpmm-fc-balestier-khalsa/OkbsKGn#id:12246998
59708,12247039,Balestier Khalsa,DPMM,1,https://www.sofascore.com/football/match/brunei-dpmm-fc-balestier-khalsa/OkbsKGn#id:12247039
59708,12246964,DPMM,Geylang Int.,1,https://www.sofascore.com/football/match/brunei-dpmm-fc-geylang-international/UkbsKGn#id:12246964
59708,12247009,Geylang Int.,DPMM,1,https://www.sofascore.com/football/match/brunei-dpmm-fc-geylang-international/UkbsKGn#id:12247009
59708,12247042,Geylang Int.,DPMM,1,https://www.sofascore.com/football/match/brunei-dpmm-fc-geylang-international/UkbsKGn#id:12247042
59708,13780842,Geylang Int.,DPMM,1,https://www.sofascore.com/football/match/brunei-dpmm-fc-geylang-international/UkbsKGn#id:13780842
59708,12246954,DPMM,Hougang Utd,1,https://www.sofascore.com/football/match/brunei-dpmm-fc-hougang-united/IGnsKGn#id:12246954
59708,12246997,Hougang Utd,DPMM,1,https://www.sofascore.com/football/match/brunei-dpmm-fc-hougang-united/IGnsKGn#id:12246997
59708,12247029,Hougang Utd,DPMM,1,https://www.sofascore.com/football/match/brunei-dpmm-fc-hougang-united/IGnsKGn#id:12247029
59708,12246936,Lion City Sailors,DPMM,1,https://www.sofascore.com/football/match/brunei-dpmm-fc-lion-city-sailors/QkbsKGn#id:12246936
59708,12246978,Lion City Sailors,DPMM,1,https://www.sofascore.com/football/match/brunei-dpmm-fc-lion-city-sailors/QkbsKGn#id:12246978
59708,12247012,Lion City Sailors,DPMM,1,https://www.sofascore.com/football/match/brunei-dpmm-fc-lion-city-sailors/QkbsKGn#id:12247012
59708,12247046,Lion City Sailors,DPMM,1,https://www.sofascore.com/football/match/brunei-dpmm-fc-lion-city-sailors/QkbsKGn#id:12247046
59708,12404673,Lion City Sailors,DPMM,1,https://www.sofascore.com/football/match/brunei-dpmm-fc-lion-city-sailors/QkbsKGn#id:12404673
59708,12246930,DPMM,Tampines Rovers,1,https://www.sofascore.com/football/match/brunei-dpmm-fc-tampines-rovers/TkbsKGn#id:12246930
59708,12246960,DPMM,Tampines Rovers,1,https://www.sofascore.com/football/match/brunei-dpmm-fc-tampines-rovers/TkbsKGn#id:12246960
59708,12246996,DPMM,Tampines Rovers,1,https://www.sofascore.com/football/match/brunei-dpmm-fc-tampines-rovers/TkbsKGn#id:12246996
59708,12247033,DPMM,Tampines Rovers,1,https://www.sofascore.com/football/match/brunei-dpmm-fc-tampines-rovers/TkbsKGn#id:12247033
59708,12246918,DPMM,Tanjong Pagar Utd.,1,https://www.sofascore.com/football/match/brunei-dpmm-fc-tanjong-pagar-united/NkbsKGn#id:12246918
59708,12246965,DPMM,Tanjong Pagar Utd.,1,https://www.sofascore.com/football/match/brunei-dpmm-fc-tanjong-pagar-united/NkbsKGn#id:12246965
59708,12247002,DPMM,Tanjong Pagar Utd.,1,https://www.sofascore.com/football/match/brunei-dpmm-fc-tanjong-pagar-united/NkbsKGn#id:12247002
59708,12247047,DPMM,Tanjong Pagar Utd.,1,https://www.sofascore.com/football/match/brunei-dpmm-fc-tanjong-pagar-united/NkbsKGn#id:12247047
59708,12246944,Young Lions,DPMM,1,https://www.sofascore.com/football/match/brunei-dpmm-fc-young-lions/HGnsKGn#id:12246944
59708,12246989,Young Lions,DPMM,1,https://www.sofascore.com/football/match/brunei-dpmm-fc-young-lions/HGnsKGn#id:12246989
59708,12247017,Young Lions,DPMM,1,https://www.sofascore.com/football/match/brunei-dpmm-fc-young-lions/HGnsKGn#id:12247017
59708,12247063,Young Lions,DPMM,1,https://www.sofascore.com/football/match/brunei-dpmm-fc-young-lions/HGnsKGn#id:12247063
59708,12246945,Geylang Int.,Balestier Khalsa,1,https://www.sofascore.com/football/match/geylang-international-balestier-khalsa/OkbsUkb#id:12246945
59708,12246988,Geylang Int.,Balestier Khalsa,1,https://www.sofascore.com/football/match/geylang-international-balestier-khalsa/OkbsUkb#id:12246988
59708,12247019,Geylang Int.,Balestier Khalsa,1,https://www.sofascore.com/football/match/geylang-international-balestier-khalsa/OkbsUkb#id:12247019
59708,12247062,Geylang Int.,Balestier Khalsa,1,https://www.sofascore.com/football/match/geylang-international-balestier-khalsa/OkbsUkb#id:12247062
59708,12246923,Lion City Sailors,Geylang Int.,1,https://www.sofascore.com/football/match/geylang-international-lion-city-sailors/QkbsUkb#id:12246923
59708,12246962,Geylang Int.,Lion City Sailors,1,https://www.sofascore.com/football/match/geylang-international-lion-city-sailors/QkbsUkb#id:12246962
59708,12247003,Geylang Int.,Lion City Sailors,1,https://www.sofascore.com/football/match/geylang-international-lion-city-sailors/QkbsUkb#id:12247003
59708,12247043,Geylang Int.,Lion City Sailors,1,https://www.sofascore.com/football/match/geylang-international-lion-city-sailors/QkbsUkb#id:12247043
59708,12246948,Tampines Rovers,Geylang Int.,1,https://www.sofascore.com/football/match/geylang-international-tampines-rovers/TkbsUkb#id:12246948
59708,12246979,Geylang Int.,Tampines Rovers,1,https://www.sofascore.com/football/match/geylang-international-tampines-rovers/TkbsUkb#id:12246979
59708,12247026,Geylang Int.,Tampines Rovers,1,https://www.sofascore.com/football/match/geylang-international-tampines-rovers/TkbsUkb#id:12247026
59708,12247057,Geylang Int.,Tampines Rovers,1,https://www.sofascore.com/football/match/geylang-international-tampines-rovers/TkbsUkb#id:12247057
59708,12246947,Geylang Int.,Tanjong Pagar Utd.,1,https://www.sofascore.com/football/match/geylang-international-tanjong-pagar-united/NkbsUkb#id:12246947
59708,12246995,Tanjong Pagar Utd.,Geylang Int.,1,https://www.sofascore.com/football/match/geylang-international-tanjong-pagar-united/NkbsUkb#id:12246995
59708,12247027,Tanjong Pagar Utd.,Geylang Int.,1,https://www.sofascore.com/football/match/geylang-international-tanjong-pagar-united/NkbsUkb#id:12247027
59708,12246942,Hougang Utd,Albirex Niigata,1,https://www.sofascore.com/football/match/hougang-united-albirex-niigata-singapore/GGnsIGn#id:12246942
59708,12246985,Hougang Utd,Albirex Niigata,1,https://www.sofascore.com/football/match/hougang-united-albirex-niigata-singapore/GGnsIGn#id:12246985
59708,12247023,Hougang Utd,Albirex Niigata,1,https://www.sofascore.com/football/match/hougang-united-albirex-niigata-singapore/GGnsIGn#id:12247023
59708,12247055,Hougang Utd,Albirex Niigata,1,https://www.sofascore.com/football/match/hougang-united-albirex-niigata-singapore/GGnsIGn#id:12247055
59708,12246922,Balestier Khalsa,Hougang Utd,1,https://www.sofascore.com/football/match/hougang-united-balestier-khalsa/OkbsIGn#id:12246922
59708,12246970,Balestier Khalsa,Hougang Utd,1,https://www.sofascore.com/football/match/hougang-united-balestier-khalsa/OkbsIGn#id:12246970
59708,12247011,Balestier Khalsa,Hougang Utd,1,https://www.sofascore.com/football/match/hougang-united-balestier-khalsa/OkbsIGn#id:12247011
59708,12247049,Balestier Khalsa,Hougang Utd,1,https://www.sofascore.com/football/match/hougang-united-balestier-khalsa/OkbsIGn#id:12247049
59708,12246941,Geylang Int.,Hougang Utd,1,https://www.sofascore.com/football/match/hougang-united-geylang-international/UkbsIGn#id:12246941
59708,12246975,Hougang Utd,Geylang Int.,1,https://www.sofascore.com/football/match/hougang-united-geylang-international/UkbsIGn#id:12246975
59708,12247018,Hougang Utd,Geylang Int.,1,https://www.sofascore.com/football/match/hougang-united-geylang-international/UkbsIGn#id:12247018
59708,12247053,Hougang Utd,Geylang Int.,1,https://www.sofascore.com/football/match/hougang-united-geylang-international/UkbsIGn#id:12247053
59708,12246949,Hougang Utd,Lion City Sailors,1,https://www.sofascore.com/football/match/hougang-united-lion-city-sailors/QkbsIGn#id:12246949
59708,12246987,Hougang Utd,Lion City Sailors,1,https://www.sofascore.com/football/match/hougang-united-lion-city-sailors/QkbsIGn#id:12246987
59708,12247025,Hougang Utd,Lion City Sailors,1,https://www.sofascore.com/football/match/hougang-united-lion-city-sailors/QkbsIGn#id:12247025
59708,12247060,Hougang Utd,Lion City Sailors,1,https://www.sofascore.com/football/match/hougang-united-lion-city-sailors/QkbsIGn#id:12247060
59708,12246926,Hougang Utd,Tampines Rovers,1,https://www.sofascore.com/football/match/hougang-united-tampines-rovers/TkbsIGn#id:12246926
59708,12246974,Hougang Utd,Tampines Rovers,1,https://www.sofascore.com/football/match/hougang-united-tampines-rovers/TkbsIGn#id:12246974
59708,12247008,Hougang Utd,Tampines Rovers,1,https://www.sofascore.com/football/match/hougang-united-tampines-rovers/TkbsIGn#id:12247008
59708,12247035,Hougang Utd,Tampines Rovers,1,https://www.sofascore.com/football/match/hougang-united-tampines-rovers/TkbsIGn#id:12247035
59708,12246933,Tanjong Pagar Utd.,Hougang Utd,1,https://www.sofascore.com/football/match/hougang-united-tanjong-pagar-united/NkbsIGn#id:12246933
59708,12246986,Tanjong Pagar Utd.,Hougang Utd,1,https://www.sofascore.com/football/match/hougang-united-tanjong-pagar-united/NkbsIGn#id:12246986
59708,12247014,Tanjong Pagar Utd.,Hougang Utd,1,https://www.sofascore.com/football/match/hougang-united-tanjong-pagar-united/NkbsIGn#id:12247014
59708,12247050,Tanjong Pagar Utd.,Hougang Utd,1,https://www.sofascore.com/football/match/hougang-united-tanjong-pagar-united/NkbsIGn#id:12247050
59708,13780782,Tanjong Pagar Utd.,Hougang Utd,1,https://www.sofascore.com/football/match/hougang-united-tanjong-pagar-united/NkbsIGn#id:13780782
59708,12246913,Young Lions,Hougang Utd,1,https://www.sofascore.com/football/match/hougang-united-young-lions/HGnsIGn#id:12246913
59708,12246956,Young Lions,Hougang Utd,1,https://www.sofascore.com/football/match/hougang-united-young-lions/HGnsIGn#id:12246956
59708,12247005,Young Lions,Hougang Utd,1,https://www.sofascore.com/football/match/hougang-united-young-lions/HGnsIGn#id:12247005
59708,12247036,Young Lions,Hougang Utd,1,https://www.sofascore.com/football/match/hougang-united-young-lions/HGnsIGn#id:12247036
59708,12246914,Lion City Sailors,Balestier Khalsa,1,https://www.sofascore.com/football/match/lion-city-sailors-balestier-khalsa/OkbsQkb#id:12246914
59708,12246959,Balestier Khalsa,Lion City Sailors,1,https://www.sofascore.com/football/match/lion-city-sailors-balestier-khalsa/OkbsQkb#id:12246959
59708,12246994,Lion City Sailors,Balestier Khalsa,1,https://www.sofascore.com/football/match/lion-city-sailors-balestier-khalsa/OkbsQkb#id:12246994
59708,12247031,Balestier Khalsa,Lion City Sailors,1,https://www.sofascore.com/football/match/lion-city-sailors-balestier-khalsa/OkbsQkb#id:12247031
59708,12246920,Tanjong Pagar Utd.,Lion City Sailors,1,https://www.sofascore.com/football/match/lion-city-sailors-tanjong-pagar-united/NkbsQkb#id:12246920
59708,12246961,Lion City Sailors,Tanjong Pagar Utd.,1,https://www.sofascore.com/football/match/lion-city-sailors-tanjong-pagar-united/NkbsQkb#id:12246961
59708,12247000,Lion City Sailors,Tanjong Pagar Utd.,1,https://www.sofascore.com/football/match/lion-city-sailors-tanjong-pagar-united/NkbsQkb#id:12247000
59708,12247032,Lion City Sailors,Tanjong Pagar Utd.,1,https://www.sofascore.com/football/match/lion-city-sailors-tanjong-pagar-united/NkbsQkb#id:12247032
59708,12246929,Tampines Rovers,Balestier Khalsa,1,https://www.sofascore.com/football/match/tampines-rovers-balestier-khalsa/OkbsTkb#id:12246929
59708,12246980,Balestier Khalsa,Tampines Rovers,1,https://www.sofascore.com/football/match/tampines-rovers-balestier-khalsa/OkbsTkb#id:12246980
59708,12247006,Balestier Khalsa,Tampines Rovers,1,https://www.sofascore.com/football/match/tampines-rovers-balestier-khalsa/OkbsTkb#id:12247006
59708,12247061,Balestier Khalsa,Tampines Rovers,1,https://www.sofascore.com/football/match/tampines-rovers-balestier-khalsa/OkbsTkb#id:12247061
59708,13780797,Tampines Rovers,Balestier Khalsa,1,https://www.sofascore.com/football/match/tampines-rovers-balestier-khalsa/OkbsTkb#id:13780797
59708,12246910,Tampines Rovers,Lion City Sailors,1,https://www.sofascore.com/football/match/tampines-rovers-lion-city-sailors/QkbsTkb#id:12246910
59708,12246953,Tampines Rovers,Lion City Sailors,1,https://www.sofascore.com/football/match/tampines-rovers-lion-city-sailors/QkbsTkb#id:12246953
59708,12246991,Tampines Rovers,Lion City Sailors,1,https://www.sofascore.com/football/match/tampines-rovers-lion-city-sailors/QkbsTkb#id:12246991
59708,12247030,Tampines Rovers,Lion City Sailors,1,https://www.sofascore.com/football/match/tampines-rovers-lion-city-sailors/QkbsTkb#id:12247030
59708,12246939,Tanjong Pagar Utd.,Tampines Rovers,1,https://www.sofascore.com/football/match/tampines-rovers-tanjong-pagar-united/NkbsTkb#id:12246939
59708,12246973,Tampines Rovers,Tanjong Pagar Utd.,1,https://www.sofascore.com/football/match/tampines-rovers-tanjong-pagar-united/NkbsTkb#id:12246973
59708,12247020,Tanjong Pagar Utd.,Tampines Rovers,1,https://www.sofascore.com/football/match/tampines-rovers-tanjong-pagar-united/NkbsTkb#id:12247020
59708,12247044,Tampines Rovers,Tanjong Pagar Utd.,1,https://www.sofascore.com/football/match/tampines-rovers-tanjong-pagar-united/NkbsTkb#id:12247044
59708,12246935,Albirex Niigata,Young Lions,1,https://www.sofascore.com/football/match/young-lions-albirex-niigata-singapore/GGnsHGn#id:12246935
59708,12246967,Albirex Niigata,Young Lions,1,https://www.sofascore.com/football/match/young-lions-albirex-niigata-singapore/GGnsHGn#id:12246967
59708,12247015,Albirex Niigata,Young Lions,1,https://www.sofascore.com/football/match/young-lions-albirex-niigata-singapore/GGnsHGn#id:12247015
59708,12247048,Albirex Niigata,Young Lions,1,https://www.sofascore.com/football/match/young-lions-albirex-niigata-singapore/GGnsHGn#id:12247048
59708,12246919,Young Lions,Balestier Khalsa,1,https://www.sofascore.com/football/match/young-lions-balestier-khalsa/OkbsHGn#id:12246919
59708,12246963,Balestier Khalsa,Young Lions,1,https://www.sofascore.com/football/match/young-lions-balestier-khalsa/OkbsHGn#id:12246963
59708,12247001,Balestier Khalsa,Young Lions,1,https://www.sofascore.com/football/match/young-lions-balestier-khalsa/OkbsHGn#id:12247001
59708,12247040,Balestier Khalsa,Young Lions,1,https://www.sofascore.com/football/match/young-lions-balestier-khalsa/OkbsHGn#id:12247040
59708,12246934,Young Lions,Geylang Int.,1,https://www.sofascore.com/football/match/young-lions-geylang-international/UkbsHGn#id:12246934
59708,12246976,Young Lions,Geylang Int.,1,https://www.sofascore.com/football/match/young-lions-geylang-international/UkbsHGn#id:12246976
59708,12247013,Young Lions,Geylang Int.,1,https://www.sofascore.com/football/match/young-lions-geylang-international/UkbsHGn#id:12247013
59708,12247052,Young Lions,Geylang Int.,1,https://www.sofascore.com/football/match/young-lions-geylang-international/UkbsHGn#id:12247052
59708,13786408,Young Lions,Geylang Int.,1,https://www.sofascore.com/football/match/young-lions-geylang-international/UkbsHGn#id:13786408
59708,12246943,Young Lions,Lion City Sailors,1,https://www.sofascore.com/football/match/young-lions-lion-city-sailors/QkbsHGn#id:12246943
59708,12246982,Lion City Sailors,Young Lions,1,https://www.sofascore.com/football/match/young-lions-lion-city-sailors/QkbsHGn#id:12246982
59708,12247024,Young Lions,Lion City Sailors,1,https://www.sofascore.com/football/match/young-lions-lion-city-sailors/QkbsHGn#id:12247024
59708,12247058,Young Lions,Lion City Sailors,1,https://www.sofascore.com/football/match/young-lions-lion-city-sailors/QkbsHGn#id:12247058
59708,13781769,Lion City Sailors,Young Lions,1,https://www.sofascore.com/football/match/young-lions-lion-city-sailors/QkbsHGn#id:13781769
59708,12246915,Tampines Rovers,Young Lions,1,https://www.sofascore.com/football/match/young-lions-tampines-rovers/TkbsHGn#id:12246915
59708,12246966,Tampines Rovers,Young Lions,1,https://www.sofascore.com/football/match/young-lions-tampines-rovers/TkbsHGn#id:12246966
59708,12247004,Tampines Rovers,Young Lions,1,https://www.sofascore.com/football/match/young-lions-tampines-rovers/TkbsHGn#id:12247004
59708,12247038,Tampines Rovers,Young Lions,1,https://www.sofascore.com/football/match/young-lions-tampines-rovers/TkbsHGn#id:12247038
59708,12246969,Young Lions,Tanjong Pagar Utd.,1,https://www.sofascore.com/football/match/young-lions-tanjong-pagar-united/NkbsHGn#id:12246969
59708,12247010,Young Lions,Tanjong Pagar Utd.,1,https://www.sofascore.com/football/match/young-lions-tanjong-pagar-united/NkbsHGn#id:12247010
59708,12247041,Young Lions,Tanjong Pagar Utd.,1,https://www.sofascore.com/football/match/young-lions-tanjong-pagar-united/NkbsHGn#id:12247041
59708,13780850,Tanjong Pagar Utd.,Young Lions,1,https://www.sofascore.com/football/match/young-lions-tanjong-pagar-united/NkbsHGn#id:13780850
48772,11041342,Balestier Khalsa,Albirex Niigata,1,https://www.sofascore.com/football/match/albirex-niigata-singapore-balestier-khalsa/OkbsGGn#id:11041342
48772,11041362,Balestier Khalsa,Albirex Niigata,1,https://www.sofascore.com/football/match/albirex-niigata-singapore-balestier-khalsa/OkbsGGn#id:11041362
48772,11041382,Balestier Khalsa,Albirex Niigata,1,https://www.sofascore.com/football/match/albirex-niigata-singapore-balestier-khalsa/OkbsGGn#id:11041382
48772,11041344,Geylang Int.,Albirex Niigata,1,https://www.sofascore.com/football/match/albirex-niigata-singapore-geylang-international/UkbsGGn#id:11041344
48772,11041383,Geylang Int.,Albirex Niigata,1,https://www.sofascore.com/football/match/albirex-niigata-singapore-geylang-international/UkbsGGn#id:11041383
48772,11041387,Geylang Int.,Albirex Niigata,1,https://www.sofascore.com/football/match/albirex-niigata-singapore-geylang-international/UkbsGGn#id:11041387
48772,11041309,Albirex Niigata,Lion City Sailors,1,https://www.sofascore.com/football/match/albirex-niigata-singapore-lion-city-sailors/QkbsGGn#id:11041309
48772,11041389,Lion City Sailors,Albirex Niigata,1,https://www.sofascore.com/football/match/albirex-niigata-singapore-lion-city-sailors/QkbsGGn#id:11041389
48772,11041403,Lion City Sailors,Albirex Niigata,1,https://www.sofascore.com/football/match/albirex-niigata-singapore-lion-city-sailors/QkbsGGn#id:11041403
48772,11041328,Tampines Rovers,Albirex Niigata,1,https://www.sofascore.com/football/match/albirex-niigata-singapore-tampines-rovers/TkbsGGn#id:11041328
48772,11041350,Albirex Niigata,Tampines Rovers,1,https://www.sofascore.com/football/match/albirex-niigata-singapore-tampines-rovers/TkbsGGn#id:11041350
48772,11041385,Albirex Niigata,Tampines Rovers,1,https://www.sofascore.com/football/match/albirex-niigata-singapore-tampines-rovers/TkbsGGn#id:11041385
48772,11041308,Tanjong Pagar Utd.,Albirex Niigata,1,https://www.sofascore.com/football/match/albirex-niigata-singapore-tanjong-pagar-united/NkbsGGn#id:11041308
48772,11041378,Albirex Niigata,Tanjong Pagar Utd.,1,https://www.sofascore.com/football/match/albirex-niigata-singapore-tanjong-pagar-united/NkbsGGn#id:11041378
48772,11041401,Albirex Niigata,Tanjong Pagar Utd.,1,https://www.sofascore.com/football/match/albirex-niigata-singapore-tanjong-pagar-united/NkbsGGn#id:11041401
48772,11041358,Tanjong Pagar Utd.,Balestier Khalsa,1,https://www.sofascore.com/football/match/balestier-khalsa-tanjong-pagar-united/NkbsOkb#id:11041358
48772,11041386,Balestier Khalsa,Tanjong Pagar Utd.,1,https://www.sofascore.com/football/match/balestier-khalsa-tanjong-pagar-united/NkbsOkb#id:11041386
48772,11041404,Balestier Khalsa,Tanjong Pagar Utd.,1,https://www.sofascore.com/football/match/balestier-khalsa-tanjong-pagar-united/NkbsOkb#id:11041404
48772,11041341,DPMM,Albirex Niigata,1,https://www.sofascore.com/football/match/brunei-dpmm-fc-albirex-niigata-singapore/GGnsKGn#id:11041341
48772,11041346,DPMM,Albirex Niigata,1,https://www.sofascore.com/football/match/brunei-dpmm-fc-albirex-niigata-singapore/GGnsKGn#id:11041346
48772,11041395,DPMM,Albirex Niigata,1,https://www.sofascore.com/football/match/brunei-dpmm-fc-albirex-niigata-singapore/GGnsKGn#id:11041395
48772,11041357,DPMM,Balestier Khalsa,1,https://www.sofascore.com/football/match/brunei-dpmm-fc-balestier-khalsa/OkbsKGn#id:11041357
48772,11041363,Balestier Khalsa,DPMM,1,https://www.sofascore.com/football/match/brunei-dpmm-fc-balestier-khalsa/OkbsKGn#id:11041363
48772,11041399,Balestier Khalsa,DPMM,1,https://www.sofascore.com/football/match/brunei-dpmm-fc-balestier-khalsa/OkbsKGn#id:11041399
48772,11041327,Geylang Int.,DPMM,1,https://www.sofascore.com/football/match/brunei-dpmm-fc-geylang-international/UkbsKGn#id:11041327
48772,11041339,Geylang Int.,DPMM,1,https://www.sofascore.com/football/match/brunei-dpmm-fc-geylang-international/UkbsKGn#id:11041339
48772,11041409,Geylang Int.,DPMM,1,https://www.sofascore.com/football/match/brunei-dpmm-fc-geylang-international/UkbsKGn#id:11041409
48772,11041312,Hougang Utd,DPMM,1,https://www.sofascore.com/football/match/brunei-dpmm-fc-hougang-united/IGnsKGn#id:11041312
48772,11041355,Hougang Utd,DPMM,1,https://www.sofascore.com/football/match/brunei-dpmm-fc-hougang-united/IGnsKGn#id:11041355
48772,11041380,Hougang Utd,DPMM,1,https://www.sofascore.com/football/match/brunei-dpmm-fc-hougang-united/IGnsKGn#id:11041380
48772,11041322,Lion City Sailors,DPMM,1,https://www.sofascore.com/football/match/brunei-dpmm-fc-lion-city-sailors/QkbsKGn#id:11041322
48772,11041369,Lion City Sailors,DPMM,1,https://www.sofascore.com/football/match/brunei-dpmm-fc-lion-city-sailors/QkbsKGn#id:11041369
48772,11041405,Lion City Sailors,DPMM,1,https://www.sofascore.com/football/match/brunei-dpmm-fc-lion-city-sailors/QkbsKGn#id:11041405
48772,11041313,Tampines Rovers,DPMM,1,https://www.sofascore.com/football/match/brunei-dpmm-fc-tampines-rovers/TkbsKGn#id:11041313
48772,11041364,DPMM,Tampines Rovers,1,https://www.sofascore.com/football/match/brunei-dpmm-fc-tampines-rovers/TkbsKGn#id:11041364
48772,11041371,DPMM,Tampines Rovers,1,https://www.sofascore.com/football/match/brunei-dpmm-fc-tampines-rovers/TkbsKGn#id:11041371
48772,11041392,DPMM,Tanjong Pagar Utd.,1,https://www.sofascore.com/football/match/brunei-dpmm-fc-tanjong-pagar-united/NkbsKGn#id:11041392
48772,11041426,DPMM,Tanjong Pagar Utd.,1,https://www.sofascore.com/football/match/brunei-dpmm-fc-tanjong-pagar-united/NkbsKGn#id:11041426
48772,11041326,Young Lions,DPMM,1,https://www.sofascore.com/football/match/brunei-dpmm-fc-young-lions/HGnsKGn#id:11041326
48772,11041329,Young Lions,DPMM,1,https://www.sofascore.com/football/match/brunei-dpmm-fc-young-lions/HGnsKGn#id:11041329
48772,11041377,Young Lions,DPMM,1,https://www.sofascore.com/football/match/brunei-dpmm-fc-young-lions/HGnsKGn#id:11041377
48772,11041318,Geylang Int.,Balestier Khalsa,1,https://www.sofascore.com/football/match/geylang-international-balestier-khalsa/OkbsUkb#id:11041318
48772,11041343,Geylang Int.,Balestier Khalsa,1,https://www.sofascore.com/football/match/geylang-international-balestier-khalsa/OkbsUkb#id:11041343
48772,11041373,Geylang Int.,Balestier Khalsa,1,https://www.sofascore.com/football/match/geylang-international-balestier-khalsa/OkbsUkb#id:11041373
48772,11041393,Lion City Sailors,Geylang Int.,1,https://www.sofascore.com/football/match/geylang-international-lion-city-sailors/QkbsUkb#id:11041393
48772,11041400,Geylang Int.,Lion City Sailors,1,https://www.sofascore.com/football/match/geylang-international-lion-city-sailors/QkbsUkb#id:11041400
48772,11557825,Geylang Int.,Lion City Sailors,1,https://www.sofascore.com/football/match/geylang-international-lion-city-sailors/QkbsUkb#id:11557825
48772,11041323,Geylang Int.,Tampines Rovers,1,https://www.sofascore.com/football/match/geylang-international-tampines-rovers/TkbsUkb#id:11041323
48772,11041338,Geylang Int.,Tampines Rovers,1,https://www.sofascore.com/football/match/geylang-international-tampines-rovers/TkbsUkb#id:11041338
48772,11041412,Geylang Int.,Tampines Rovers,1,https://www.sofascore.com/football/match/geylang-international-tampines-rovers/TkbsUkb#id:11041412
48772,11041340,Tanjong Pagar Utd.,Geylang Int.,1,https://www.sofascore.com/football/match/geylang-international-tanjong-pagar-united/NkbsUkb#id:11041340
48772,11041361,Tanjong Pagar Utd.,Geylang Int.,1,https://www.sofascore.com/football/match/geylang-international-tanjong-pagar-united/NkbsUkb#id:11041361
48772,11041416,Tanjong Pagar Utd.,Geylang Int.,1,https://www.sofascore.com/football/match/geylang-international-tanjong-pagar-united/NkbsUkb#id:11041416
48772,11041394,Hougang Utd,Albirex Niigata,1,https://www.sofascore.com/football/match/hougang-united-albirex-niigata-singapore/GGnsIGn#id:11041394
48772,11041420,Hougang Utd,Albirex Niigata,1,https://www.sofascore.com/football/match/hougang-united-albirex-niigata-singapore/GGnsIGn#id:11041420
48772,11561285,Hougang Utd,Albirex Niigata,1,https://www.sofascore.com/football/match/hougang-united-albirex-niigata-singapore/GGnsIGn#id:11561285
48772,11041325,Hougang Utd,Balestier Khalsa,1,https://www.sofascore.com/football/match/hougang-united-balestier-khalsa/OkbsIGn#id:11041325
48772,11041332,Balestier Khalsa,Hougang Utd,1,https://www.sofascore.com/football/match/hougang-united-balestier-khalsa/OkbsIGn#id:11041332
48772,11041407,Balestier Khalsa,Hougang Utd,1,https://www.sofascore.com/football/match/hougang-united-balestier-khalsa/OkbsIGn#id:11041407
48772,11041345,Geylang Int.,Hougang Utd,1,https://www.sofascore.com/football/match/hougang-united-geylang-international/UkbsIGn#id:11041345
48772,11041370,Hougang Utd,Geylang Int.,1,https://www.sofascore.com/football/match/hougang-united-geylang-international/UkbsIGn#id:11041370
48772,11041431,Hougang Utd,Geylang Int.,1,https://www.sofascore.com/football/match/hougang-united-geylang-international/UkbsIGn#id:11041431
48772,11041331,Lion City Sailors,Hougang Utd,1,https://www.sofascore.com/football/match/hougang-united-lion-city-sailors/QkbsIGn#id:11041331
48772,11041333,Hougang Utd,Lion City Sailors,1,https://www.sofascore.com/football/match/hougang-united-lion-city-sailors/QkbsIGn#id:11041333
48772,11041375,Hougang Utd,Lion City Sailors,1,https://www.sofascore.com/football/match/hougang-united-lion-city-sailors/QkbsIGn#id:11041375
48772,11041352,Hougang Utd,Tampines Rovers,1,https://www.sofascore.com/football/match/hougang-united-tampines-rovers/TkbsIGn#id:11041352
48772,11041372,Hougang Utd,Tampines Rovers,1,https://www.sofascore.com/football/match/hougang-united-tampines-rovers/TkbsIGn#id:11041372
48772,11041376,Hougang Utd,Tampines Rovers,1,https://www.sofascore.com/football/match/hougang-united-tampines-rovers/TkbsIGn#id:11041376
48772,11041349,Hougang Utd,Tanjong Pagar Utd.,1,https://www.sofascore.com/football/match/hougang-united-tanjong-pagar-united/NkbsIGn#id:11041349
48772,11041379,Tanjong Pagar Utd.,Hougang Utd,1,https://www.sofascore.com/football/match/hougang-united-tanjong-pagar-united/NkbsIGn#id:11041379
48772,11041391,Tanjong Pagar Utd.,Hougang Utd,1,https://www.sofascore.com/football/match/hougang-united-tanjong-pagar-united/NkbsIGn#id:11041391
48772,11041330,Young Lions,Hougang Utd,1,https://www.sofascore.com/football/match/hougang-united-young-lions/HGnsIGn#id:11041330
48772,11041360,Young Lions,Hougang Utd,1,https://www.sofascore.com/football/match/hougang-united-young-lions/HGnsIGn#id:11041360
48772,11041408,Young Lions,Hougang Utd,1,https://www.sofascore.com/football/match/hougang-united-young-lions/HGnsIGn#id:11041408
48772,11041316,Lion City Sailors,Balestier Khalsa,1,https://www.sofascore.com/football/match/lion-city-sailors-balestier-khalsa/OkbsQkb#id:11041316
48772,11041359,Balestier Khalsa,Lion City Sailors,1,https://www.sofascore.com/football/match/lion-city-sailors-balestier-khalsa/OkbsQkb#id:11041359
48772,11041390,Lion City Sailors,Balestier Khalsa,1,https://www.sofascore.com/football/match/lion-city-sailors-balestier-khalsa/OkbsQkb#id:11041390
48772,11041324,Tanjong Pagar Utd.,Lion City Sailors,1,https://www.sofascore.com/football/match/lion-city-sailors-tanjong-pagar-united/NkbsQkb#id:11041324
48772,11041336,Lion City Sailors,Tanjong Pagar Utd.,1,https://www.sofascore.com/football/match/lion-city-sailors-tanjong-pagar-united/NkbsQkb#id:11041336
48772,11041411,Lion City Sailors,Tanjong Pagar Utd.,1,https://www.sofascore.com/football/match/lion-city-sailors-tanjong-pagar-united/NkbsQkb#id:11041411
48772,11041402,Tampines Rovers,Balestier Khalsa,1,https://www.sofascore.com/football/match/tampines-rovers-balestier-khalsa/OkbsTkb#id:11041402
48772,11041428,Balestier Khalsa,Tampines Rovers,1,https://www.sofascore.com/football/match/tampines-rovers-balestier-khalsa/OkbsTkb#id:11041428
48772,11041337,Tampines Rovers,Lion City Sailors,1,https://www.sofascore.com/football/match/tampines-rovers-lion-city-sailors/QkbsTkb#id:11041337
48772,11041365,Tampines Rovers,Lion City Sailors,1,https://www.sofascore.com/football/match/tampines-rovers-lion-city-sailors/QkbsTkb#id:11041365
48772,11041381,Tampines Rovers,Lion City Sailors,1,https://www.sofascore.com/football/match/tampines-rovers-lion-city-sailors/QkbsTkb#id:11041381
48772,11041334,Tampines Rovers,Tanjong Pagar Utd.,1,https://www.sofascore.com/football/match/tampines-rovers-tanjong-pagar-united/NkbsTkb#id:11041334
48772,11041368,Tampines Rovers,Tanjong Pagar Utd.,1,https://www.sofascore.com/football/match/tampines-rovers-tanjong-pagar-united/NkbsTkb#id:11041368
48772,11041432,Tampines Rovers,Tanjong Pagar Utd.,1,https://www.sofascore.com/football/match/tampines-rovers-tanjong-pagar-united/NkbsTkb#id:11041432
48772,11041317,Albirex Niigata,Young Lions,1,https://www.sofascore.com/football/match/young-lions-albirex-niigata-singapore/GGnsHGn#id:11041317
48772,11041366,Albirex Niigata,Young Lions,1,https://www.sofascore.com/football/match/young-lions-albirex-niigata-singapore/GGnsHGn#id:11041366
48772,11041410,Albirex Niigata,Young Lions,1,https://www.sofascore.com/football/match/young-lions-albirex-niigata-singapore/GGnsHGn#id:11041410
48772,11041353,Balestier Khalsa,Young Lions,1,https://www.sofascore.com/football/match/young-lions-balestier-khalsa/OkbsHGn#id:11041353
48772,11041396,Young Lions,Balestier Khalsa,1,https://www.sofascore.com/football/match/young-lions-balestier-khalsa/OkbsHGn#id:11041396
48772,11041417,Balestier Khalsa,Young Lions,1,https://www.sofascore.com/football/match/young-lions-balestier-khalsa/OkbsHGn#id:11041417
48772,11041311,Geylang Int.,Young Lions,1,https://www.sofascore.com/football/match/young-lions-geylang-international/UkbsHGn#id:11041311
48772,11041367,Young Lions,Geylang Int.,1,https://www.sofascore.com/football/match/young-lions-geylang-international/UkbsHGn#id:11041367
48772,11041433,Young Lions,Geylang Int.,1,https://www.sofascore.com/football/match/young-lions-geylang-international/UkbsHGn#id:11041433
48772,11041347,Lion City Sailors,Young Lions,1,https://www.sofascore.com/football/match/young-lions-lion-city-sailors/QkbsHGn#id:11041347
48772,11041356,Young Lions,Lion City Sailors,1,https://www.sofascore.com/football/match/young-lions-lion-city-sailors/QkbsHGn#id:11041356
48772,11041374,Young Lions,Lion City Sailors,1,https://www.sofascore.com/football/match/young-lions-lion-city-sailors/QkbsHGn#id:11041374
48772,11041351,Young Lions,Tampines Rovers,1,https://www.sofascore.com/football/match/young-lions-tampines-rovers/TkbsHGn#id:11041351
48772,11041398,Tampines Rovers,Young Lions,1,https://www.sofascore.com/football/match/young-lions-tampines-rovers/TkbsHGn#id:11041398
48772,11041406,Tampines Rovers,Young Lions,1,https://www.sofascore.com/football/match/young-lions-tampines-rovers/TkbsHGn#id:11041406
48772,11041354,Tanjong Pagar Utd.,Young Lions,1,https://www.sofascore.com/football/match/young-lions-tanjong-pagar-united/NkbsHGn#id:11041354
48772,11041384,Young Lions,Tanjong Pagar Utd.,1,https://www.sofascore.com/football/match/young-lions-tanjong-pagar-united/NkbsHGn#id:11041384
48772,11041388,Young Lions,Tanjong Pagar Utd.,1,https://www.sofascore.com/football/match/young-lions-tanjong-pagar-united/NkbsHGn#id:11041388
